Country Name,1980,1981,1982,1983,1984,1985,1986,1987,1988,1989,1990,1991,1992,1993,1994,1995,1996,1997,1998,1999,2000,2001,2002,2003,2004,2005,2006,2007,2008,2009,2010,2011,2012,2013,2014,2015,2016,2017,2018,2019
World,45565944,45953128,45914058,47159800,48483781,49306824,50983632,50940348,51339867,51557846,53028463,53553615,52690686,52094854,51949559,52660843,53700471,54747244,54270844,55475413,55832379,55293460,56342203,57148187,58763400,59105680,60361556,62172685,62253675,62562630,62646774,62365818,62930978,63961185,64367040,63847528,64358236,65591737,67320903,68313894
,,,,,,,,,,,,,,,,,,,,,,,,,,,,,,,,,,,,,,,,
"Korea, Rep.",93000,69000,61000,66000,90000,118000,153000,158000,133000,90000,95000,98000,100000,131000,148000,155000,174000,237000,273000,240000,214000,163000,147000,142000,145000,152000,158000,171000,174000,198000,186000,216000,234000,260000,261000,255000,231000,239000,237000,245000
Afghanistan,67000,68000,69000,68000,68000,68000,68000,70000,71000,71000,86400,86400,86400,97200,113400,130000,143000,156000,171000,149000,126000,108000,150000,137000,149300,141100,117300,137000,133000,135000,131000,138000,139000,134000,120545,111438,106054,95229,91920,95398
Albania,-,-,-,-,-,-,-,-,-,-,-,-,32600,30400,28800,29700,33100,34800,34900,32000,30900,29413,29613,29921,33406,34400,40400,43300,49300,49600,48000,48200,47600,53600,59000,63600,68100,70800,68800,68100
Azerbaijan,-,-,-,-,-,-,-,-,-,-,-,-,62487,56507,55759,54951,58895,67494,70537,73471,78425,80596,86814,91992,94617,95909,97811,98444,100539,102331,112361,115471,118410,120799,122370,129753,130984,132902,135620,137929
Bahrain,720,576,840,1080,1560,924,942,864,816,771,800,722,879,840,804,684,804,808,902,894,896,912,1440,1020,875,875,876,876,972,972,1020,1020,1020,1032,1070,979,874,736,751,827
Bangladesh,120934,122499,124076,125700,122753,133184,134528,135834,137178,138620,139921,140070,141377,144029,146740,147916,152500,165600,161000,170500,172500,174400,178400,180000,181000,183000,184000,186000,187000,188000,188152,190515,190784,192013,192870,191649,190735,188771,189944,190722
Bhutan,3910,3995,4208,4471,4716,4990,4981,5100,5185,5270,5355,6592,6736,6860,6973,7210,7725,6695,6386,7210,5974,5871,5665,6180,6180,6180,6180,6180,5340,5688,5576,5318,5276,5317,4510,4483,4421,4361,4236,4234
Brunei Darussalam,395,825,750,1058,1396,1339,1169,1683,1753,1488,1752,1905,1529,1376,1688,1170,1508,1680,2070,4245,3210,3045,3150,3225,2730,2048,1335,1170,720,792,680,1016,934,560,608,482,998,1220,1180,1166
Cambodia,8160,9960,12600,14280,16560,18360,20520,22680,23640,26640,28200,29760,33120,34800,36000,39600,40800,41040,41760,42120,56700,58200,53400,53520,54720,57360,60240,60720,62400,64680,62880,63120,63600,60495,56015,55470,56212,56626,56296,56345
China,272702,272848,279049,300326,340597,385804,492544,691568,799669,953194,1121789,1356690,1589862,1992436,2148828,2602028,3002649,3650313,4037586,4572857,4642024,4598595,4717489,4902101,5063849,5133544,5333410,5654618,5573776,5650689,5676946,5511545,5547100,5532760,5556253,5566157,5565963,5725613,5810117,5942392
Cyprus,2022,2032,2002,2450,2445,2750,3600,4100,4000,4100,4100,4600,4550,4200,4430,5030,4900,5400,4000,3950,4450,3900,3800,4003,3804,4182,4003,3920,4248,4505,4479,4827,5313,4562,4573,4953,4954,5101,5280,5610
동티모르,750,670,610,560,510,490,510,510,570,700,710,824,834,937,752,948,1051,1102,1677,927,1339,1126,1751,1339,927,927,948,968,989,1009,1040,1092,1112,1133,1081,1317,1328,1163,1154,1146
Georgia,-,-,-,-,-,-,-,-,-,-,-,-,40300,40000,43600,52700,54200,56000,42793,41305,48266,47010,49220,50079,46700,46404,33000,31300,25100,29200,26700,21300,16200,20200,22800,24400,21500,21400,22900,22100
"Hong Kong SAR,China",33862,35130,36550,36840,36640,38100,39630,40460,39900,37290,39390,37530,35290,32100,28910,25264,20107,15000,19000,18000,18000,15000,14000,13000,14000,14000,14000,12400,8600,8500,8500,8500,7800,7900,7538,6900,6600,6600,6160,3407
India,853424,863456,933610,959310,966060,946400,948520,1021140,1026198,1030845,1035878,1067080,1051424,1045553,1039682,1033811,1027940,1021966,1009915,997864,986225,974483,963050,951720,969127,986740,1004868,1023058,1014551,1006311,998071,989522,980561,971291,960991,931645,913009,899728,901237,904883
Indonesia,220800,227800,235500,203700,216400,227400,227800,234800,238100,252800,259200,262200,297000,346278,336461,311966,347203,353652,342598,308767,339941,338685,330300,369710,447573,358704,395843,339480,392511,409310,436452,485333,508906,504818,497670,506661,518484,486320,497972,490421
"Iran, Islamic Rep.",171000,170000,170000,165000,165000,168000,171000,173700,180000,202000,210000,218000,227000,236000,246000,255000,299262,308016,314817,278004,269000,274000,341684,314209,336800,348000,370800,388300,321883,324816,343708,348869,351789,389000,406000,385152,445299,457541,425433,364837
Iraq,47870,45900,48400,46750,49170,46200,43890,44000,44550,45500,47915,30780,42525,51975,47925,40187,35516,43875,45225,45360,45900,49140,49950,33842,42710,47030,40510,31230,43000,47500,49960,50060,50300,51270,46479,27190,24519,22159,19684,17091
Israel,21200,18650,19875,18050,33900,32200,32100,32600,34950,35600,35850,38000,37000,35520,41000,40500,44000,46290,43800,46400,63800,62393,79700,90905,83043,89923,108291,105220,116554,104018,108128,116799,116919,132239,122116,132212,126488,140655,122368,138476
Japan,418062,470717,480958,494934,536061,555256,558620,564883,569803,547958,549479,575160,591660,594346,602336,600902,554507,530248,529349,540377,530438,458600,536600,496000,513600,499470,496992,503902,519879,517020,514959,500370,518650,507985,502135,481019,464351,469096,475336,470907
Jordan,1554,1525,1470,2078,2125,1278,1008,1065,1001,1000,2500,3200,2300,2600,3895,3900,3275,3528,4000,5000,6500,12000,11650,10134,15633,7530,14820,13780,19130,13325,12299,17761,19584,23547,19497,27452,29552,29000,27265,25000
Kazakhstan,-,-,-,-,-,-,-,-,-,-,-,-,596200,661500,641600,548200,457500,398200,347900,343900,306300,287600,296000,311900,329700,348300,366500,385900,400100,396096,406817,392850,373524,383468,405474,416823,430600,450432,477407,501249
"Korea, Dem. People's Rep.",30750,31500,32250,34500,35550,37500,39000,41250,42000,37950,34500,30000,30300,31050,31500,42000,21750,18750,19500,19950,20025,21450,21600,21750,21300,21450,21600,21750,21750,21750,21795,21795,21975,21975,21468,21102,20828,20811,20794,20848
Kuwait,5540,7910,9850,7850,4150,2165,2170,2222,1774,1640,1375,100,129,624,467,602,650,444,519,529,806,465,722,980,479,728,1259,796,1488,1624,2004,1609,1433,1353,1888,1882,1401,2151,1728,1592
Kyrgyz Republic,-,-,-,-,-,-,-,-,-,-,-,-,87800,87800,82300,84700,86377,95094,94561,95113,100622,100065,104768,94035,94595,90850,91157,90808,93345,94545,97712,98685,97074,98600,101574,99059,102689,103626,108631,102336
Lao PDR,2781,2834,2947,3030,3386,4565,5395,5246,4980,6225,7470,8300,9130,10120,11200,13259,11817,13698,14518,18500,16400,17400,20200,21500,21000,22500,23000,23750,24500,25000,25750,26900,29500,29900,30544,31828,32479,33571,34597,35533
Lebanon,11875,14310,15525,16875,16605,18765,15660,13230,15390,15120,9585,6885,27810,28215,24300,17685,10495,44200,30760,51480,57600,42903,54600,55566,52857,61467,51944,46531,46620,61568,45764,44689,44107,47545,45608,47271,42049,45408,48179,47324
"Macao SAR, China",1805,798,375,874,380,380,228,266,646,1330,818,1275,1654,1648,1603,1351,1404,1065,1138,1089,1043,1138,1086,1078,1129,1071,1239,1170,811,908,898,918,788,800,835,847,839,828,817,805
Malaysia,11794,11487,12383,10535,10830,10342,10728,10773,11748,10739,11113,11219,11637,12143,11523,13385,12405,12512,13531,15485,14674,17077,20176,21942,24305,26293,26150,28680,31370,34590,38138,40045,42287,44029,45851,43672,41137,38665,40043,38943
Mongolia,70600,69900,65500,68100,68200,68100,75327,72643,73295,72790,66200,83800,75700,64500,64400,69400,89900,86600,99300,104600,113400,66900,60700,43600,52300,45300,44200,46600,54200,58565,47547,53591,59704,56436,54876,93252,92383,97680,126591,114682
Myanmar,81960,85080,87840,89640,91320,93360,93720,95280,96960,87840,47000,46533,47154,47735,47954,49156,50413,51401,53014,60223,70844,74556,79762,95816,113500,127858,145031,157840,175132,206263,230632,249958,273478,298632,325114,357261,402106,399683,403722,435381
Nepal,40460,41225,41905,40715,40120,39440,40120,40545,40970,40630,41140,41480,41395,41310,43435,45900,47090,47770,47855,47770,48025,47175,46750,47600,48450,48875,48875,49300,49470,50150,50150,51000,51425,51850,51850,50108,49649,49315,49449,49447
Oman,4274,3399,3764,3510,3380,3250,3120,2860,2646,2650,2665,2808,2899,3055,3120,3454,4012,4232,4446,4680,3936,4048,4148,4148,4160,4810,5200,7410,8450,11440,14950,14950,15340,20800,17362,13888,14166,14449,14738,15033
Pakistan,189000,195000,201000,207000,216000,226000,248000,258000,267000,277000,287000,297000,308000,318000,330000,342000,341000,398000,405000,413000,420000,428000,437000,445000,455000,464000,632000,656000,680000,707000,733000,761000,789000,822000,850000,882000,915000,1055000,1095000,1136000
Philippines,96000,72000,59000,60000,59000,60650,67850,72150,67800,82000,82000,84000,85000,92000,90000,97360,112901,136636,155800,189934,190159,182886,186000,182813,179229,172759,167475,178041,184363,189707,194754,196233,194810,197757,201390,205708,209950,210267,209106,208399
Qatar,192,192,102,106,114,120,180,198,199,200,202,185,223,228,240,246,324,418,408,470,540,312,312,324,480,300,324,324,324,516,576,468,480,495,663,714,1078,973,1501,1657
Saudi Arabia,12278,12875,14510,20645,25922,25036,25207,18000,24000,25000,28000,27000,28000,29000,30000,26000,18000,16000,20520,21470,21600,21640,21870,22275,22180,22400,24000,29000,29000,42100,44000,43600,51000,52000,38000,41000,41000,42000,42000,43000
Singapore,264,251,327,309,300,283,336,374,374,313,277,287,303,296,173,98,43,57,37,35,37,39,42,40,44,41,42,42,42,42,45,45,50,50,38,36,35,36,35,35
Sri Lanka,24200,24800,24800,26100,27100,26800,26320,25060,21440,20400,20350,23130,25730,24410,26160,27490,24400,25380,24950,23610,28720,27410,27900,29400,28200,29280,26250,23520,22280,22860,28490,22695,23650,23200,20550,22774,22931,20802,21600,21653
Syrian Arab Republic*,26210,32538,36196,33700,30250,29700,30000,29150,30800,30394,32298,32620,28640,28647,30495,33832,40000,41805,43396,46742,47079,42266,47047,47025,48200,55167,60304,65541,63751,63008,61599,70883,68238,69880,64830,64800,64800,53459,49369,51932
Taiwan*,2035,1920,2124,2612,2577,2324,2686,2842,3723,3574,3581,3385,3468,3688,3815,4913,4838,4948,4448,5168,4901,5057,5303,5523,5120,5573,5201,5068,5245,5661,5918,5737,5762,6250,6400,6400,6334,6605,6600,6805
Tajikistan,-,-,-,-,-,-,-,-,-,-,-,-,40900,28200,28000,32000,34000,25500,14700,15000,14800,16800,19900,25000,27100,26700,23700,25200,25100,25976,28642,29300,30683,38500,44200,77390,63117,248769,261927,272521
Thailand,123780,144000,146000,153698,153000,154400,156200,159000,162200,170880,180129,188715,263645,270756,265969,254281,231791,206019,183480,169911,130894,124457,115593,111636,116154,110766,118141,141950,141582,145200,154958,149039,140713,136425,133616,144702,140000,145000,140000,116267
Turkey,130380,142540,159524,160564,384797,318164,449832,326020,315403,367895,360704,339478,300605,295995,316585,292450,301835,379542,359000,349681,354636,331590,327630,290454,365000,321681,340705,431963,370619,325286,618584,644906,799344,869292,881999,1014926,1059195,987482,1003859,1075479
Turkmenistan,-,-,-,-,-,-,-,-,-,-,-,-,46000,50000,51000,51000,52400,54600,61100,63000,72000,80000,92000,100500,100000,103000,102000,138000,136000,140000,140004,140004,144990,142301,143183,143473,143418,143528,143883,146552
United Arab Emirates,3125,3000,3750,5500,6250,5250,5500,5500,5375,4990,5385,5465,5600,6313,8250,10875,6750,7150,8125,7625,15325,8135,9208,20000,20500,7050,5000,7500,11250,14750,15000,15375,15750,16000,14881,18501,18098,18012,18019,18534
Uzbekistan,-,-,-,-,-,-,-,-,-,-,-,-,323300,378000,390000,392000,362000,387000,400000,370500,390000,404000,425300,455900,493600,518100,551590,551000,586000,622700,665300,667500,708200,750000,800000,850000,873564,835000,1050285,938274
Vietnam,36800,40755,50000,55100,58000,62340,56000,61600,70500,72000,75000,75500,77500,75000,80200,64548,70075,71797,83154,85498,93819,97780,102454,107540,119789,142163,174416,206145,227196,263379,278911,287169,293969,285442,293100,299700,308608,321666,334472,355288
"Yemen, Rep.",34000,34100,34200,34400,34600,35000,34900,35900,36360,37453,37953,36815,37551,38677,39837,40634,41649,43107,45262,47110,51698,56188,59283,69541,70931,72627,72793,81936,90242,96735,107512,109850,111286,111787,77095,72126,65635,63666,62393,70187
Canada,,,,,,,,,,,,,,,,,,,,,,,,,,,,,,,,,,,,,,,,
Mexico,970706,1013663,1025155,1032456,990722,1028790,1028240,953380,947380,951930,900100,865960,898800,859630,899460,928210,1016500,1089480,1181920,1263530,1263440,1261610,1297530,1203610,1500140,1469980,1328700,1277650,1303630,1239440,1240625,1105995,1026027,1023995,1068591,1017551,1111992,1167695,1231352,1388625
United States,740755,835825,861940,944295,925020,926771,1247856,1272593,1271000,1162780,1113919,1188687,1247195,1256478,1364711,1412336,1329947,1340071,1379768,1399629,1408618,1444621,1467574,1503760,1543730,1557707,1612992,1635040,1667136,1704985,1744738,1803932,1820547,1806758,1827152,1845236,1878705,1926901,1980846,2027634
Antigua and Barbuda,9998990,10353000,10425000,10746000,10927000,10996000,11292000,10884000,10879000,10633000,10465000,10316064,10394989,10471646,10454863,11061317,11441428,11578866,11562083,11684553,12016583,12195753,11890031,12334552,11947637,11180612,11242845,11909626,12030872,12091245,11818953,11969954,11916067,11788608,11698116,10777601,11470607,11907239,12219203,12348749
Argentina,,,,,,,,,,,,,,,,,,,,,,,,,,,,,,,,,,,,,,,,
"Bahamas, The",509,468,415,457,420,600,600,600,600,450,520,550,550,550,550,530,500,480,460,470,470,500,510,520,520,520,520,520,560,560,148,152,156,159,147,146,150,150,76,60
Barbados,2839248,2939205,2550542,2455270,2553720,2847838,3023413,2574359,2506467,2558857,3007000,2918000,2784000,2808000,2783000,2688000,2694000,2712000,2469169,2719784,2718000,2461000,2493000,2658000,3024000,3130800,3033600,3223700,3131902,3378460,2630163,2498954,2595815,2821608,2674000,2727000,2644000,2844511,3066094,3135908
Belize,37,34,34,37,37,41,41,34,32,32,32,46,24,26,18,19,18,18,18,19,17,20,26,27,28,28,18,17,19,19,17,18,19,19,19,19,18,18,18,18
Bolivia,414,413,376,334,279,252,313,405,398,832,954,924,1008,874,879,874,882,621,576,606,766,426,417,396,258,182,182,142,153,160,167,156,148,140,153,173,176,163,176,172
Brazil,1050,1005,877,965,1015,1234,1107,1330,910,957,1461,1415,1515,1363,1256,1472,1331,1165,1165,1146,1135,1467,1848,2221,2658,1613,1684,1618,1715,1625,1513,1605,1665,1848,1549,1599,1448,1483,1783,1743
Chile,111781,105333,106306,110408,115925,125042,115017,121195,131054,134674,130398,132194,126086,130255,135882,139597,143199,147250,155230,155252,159794,160943,164551,168226,172000,175000,200000,244375,248680,202026,202347,205187,212595,215179,224651,243000,252000,260000,268000,266499
Colombia,2850000,3000000,3050000,3250000,3420000,3480000,3600000,3690000,4050000,4225000,4115000,4510800,4715500,4806900,5136000,5710200,6186900,5921500,5794300,6413300,6578800,6823600,7139000,7230000,7774000,8592000,9020000,9303000,9024000,8935000,9115000,9030000,9307000,9675000,9723000,9425000,9284000,9550000,9900000,10200000
Costa Rica,162267,184624,194566,208125,196832,174832,177112,174617,196816,221379,242452,229790,199972,224099,239615,257792,259488,262105,256343,226361,226363,217640,199957,191784,208258,215584,237553,241677,240257,209853,210744,190979,197459,206200,224112,225261,215023,203104,199314,208313
Cuba,593223,624254,587004,553055,587889,585859,580541,569390,622408,691676,746107,701007,594586,602550,646274,702334,730034,762988,766000,716000,745000,700000,675000,642242,717288,792168,827220,856261,917368,810068,766591,820985,854232,856232,837384,854314,796544,761375,771324,769960
Dominican Republic,76500,80000,66000,67000,76790,93500,92000,97007,86000,85507,87481,93962,80908,81898,95454,93587,96417,86142,82033,84442,82268,74348,68312,74104,70021,80741,75341,80847,87524,94592,97486,95999,87520,85033,88196,82008,72975,77994,81195,88595
Dominica,146500,143000,140989,142128,141846,142298,147519,140098,141472,138185,136200,90400,76809,65501,63755,67306,71900,70550,74061,76200,75774,74953,65815,56150,55250,59900,55650,54050,61950,65000,63500,66500,67050,66900,71350,75600,83800,83550,82322,81366
Ecuador,216,225,234,252,281,320,360,450,467,509,495,486,486,484,482,482,522,522,522,540,540,540,540,540,540,540,540,540,540,540,540,558,576,567,559,551,551,554,556,558
El Salvador,49442,51619,54137,56254,53545,63308,64484,66640,78737,81099,82478,55838,58242,59966,66860,69899,73982,56836,61190,65500,68965,70789,71692,72167,72893,71986,84233,101097,99278,101759,112954,102035,95861,100654,78654,95290,92635,58034,63391,64300
프랑스령기아나,73730,75870,78390,81200,82990,88500,89600,92443,102290,97890,100007,113274,113208,126038,127498,148663,153324,155611,158202,164280,170615,187544,202646,205518,206532,208834,210500,233124,248050,265200,260000,268000,265000,260500,231570,214788,212145,217963,213699,229441
Grenada,27646,22103,22241,21917,22039,20961,21698,18814,22284,28123,27212,23525,22074,24747,27087,29350,27059,35094,34425,34150,34749,34654,39944,29234,26499,26978,30562,31258,32137,31097,32992,23377,26023,18412,18630,18578,18697,18315,17544,15339
과들루프,480,460,420,510,380,460,540,540,510,550,570,520,450,385,350,320,360,359,335,365,371,306,286,241,215,272,295,-,-,-,-,-,-,-,-,-,-,-,-,-
Guatemala,155,140,130,124,135,128,130,130,120,120,120,120,125,125,130,135,135,135,135,138,138,141,141,143,143,143,140,154,160,140,140,140,140,137,137,138,139,139,139,139
Guyana,4163,3894,4029,4480,4249,4001,3947,3227,3178,3080,3010,2840,2860,3139,3218,3363,3217,3420,3396,3345,3337,3280,2845,2807,2726,2676,2647,-,-,-,-,-,-,-,-,-,-,-,-,-
Haiti,52384,52793,46704,50989,50438,49477,37366,48039,54725,68153,66613,51729,40503,48148,51790,53767,54146,54428,54474,61939,62000,62000,63000,63000,63000,63000,65000,68934,74186,93375,105596,118715,136056,144576,175212,181360,185900,174200,175960,179904
Honduras,2268,2087,2270,2213,1607,1669,1679,1829,2100,2439,2200,3021,4200,3840,4600,3800,2900,2100,2100,1800,1900,2000,1530,1750,1882,2028,2107,2160,2131,2110,2260,2153,1635,2262,2667,2282,2036,1979,2128,2828
Jamaica,24400,27000,29700,30600,31500,31500,30400,29000,28000,27000,24000,25000,27000,28800,27840,23940,28000,28000,30800,31000,40300,40500,42000,42500,42730,43500,43500,43500,43500,43500,45000,45500,46500,46500,45906,46588,46775,46856,47293,47732
마르티니크,63256,60349,46060,34887,34498,35072,27331,45000,46000,46000,46000,45060,44400,44500,72688,64164,67831,63422,57080,54711,55000,55295,54462,61372,63571,65744,67600,70907,74376,55840,58593,64987,62265,63000,63259,63668,64709,65342,65616,65188
Nicaragua,12034,11812,12215,14057,14524,13540,14592,13894,13610,13425,15024,16053,18208,15639,15793,16686,15643,14538,14253,14688,14041,13096,14260,13714,10751,10390,6034,5539,5994,5426,5264,5621,5800,5600,6196,7523,7712,6695,6813,7118
Panama,2600,2600,2900,2900,3000,3100,3000,2800,2500,2433,2600,2500,2500,2300,2250,2250,2572,2288,2360,2287,1947,1750,1842,1600,1700,1647,1626,-,-,-,-,-,-,-,-,-,-,-,-,-
Paraguay,56335,43000,51888,53038,51428,45264,37260,30360,33212,49765,57286,45080,47748,52471,51296,49055,49818,51879,45831,46000,52500,54077,60145,65558,74844,75983,84620,92782,96080,107587,121040,128603,115121,120687,122063,115216,114368,147749,136940,134612
Peru,43170,47950,55130,55640,57122,59297,59488,57852,54268,57201,64248,61340,60894,62296,59795,61015,65642,71442,75500,71459,69568,67313,65067,60539,63597,65575,67063,65400,67974,74558,79280,86302,91677,84897,82938,80899,71071,70079,70397,67393
Puerto Rico,107000,105000,104400,106000,112115,114777,117810,101484,131310,172000,189000,219000,233000,225000,189217,191187,198815,216709,223210,214594,231075,230884,233632,228960,215000,248679,300000,264829,293500,312000,343000,348000,302399,384378,467288,444668,468000,530492,489400,481693
Saudi Arabia,83800,90100,91300,110700,103100,101445,90300,107775,116527,111755,117112,109451,110702,106582,101709,107106,110069,118200,123894,125064,130249,130269,134137,137271,143554,152497,161578,163235,163318,164704,171872,179084,186617,193087,196232,196015,192703,188738,189703,192920
St. Lucia,22079,17123,16980,21200,25809,24418,25409,27656,22205,19896,20929,18859,20551,18712,17835,16218,13669,15713,13500,17545,15122,12511,10647,9656,12583,9802,9800,10000,10200,10300,9031,8779,8495,8210,6793,7004,6743,6587,6244,5922
St. Vincent and the Grenadines,118,118,118,118,114,112,110,110,112,109,112,112,109,101,101,101,101,101,109,116,127,125,125,125,125,93,60,90,119,105,98,78,61,51,49,51,46,49,51,55
Suriname,455,491,510,528,555,555,564,573,564,564,555,564,564,573,582,546,501,510,528,528,528,364,382,382,419,419,437,437,455,455,455,455,436,432,434,431,426,426,425,423
Trinidad and Tobago,272,275,279,290,299,272,253,217,253,244,226,217,226,226,226,226,226,226,226,226,217,210,199,182,182,182,181,199,199,208,213,220,208,206,212,213,201,202,207,202
Uruguay,1179,1298,1355,1365,1436,1468,1256,1270,1445,1929,2250,2660,2637,2480,1700,1800,1814,2033,2112,2246,1952,1890,1606,1607,1483,1338,1610,1594,1726,1891,1882,1940,1850,1674,1660,1474,1934,1903,1616,1656
Venezuela*,2012,1746,1648,1396,1375,1236,1233,1324,1782,1499,1206,1203,989,1007,1148,1175,1210,1069,913,982,810,823,859,762,765,765,600,500,700,1250,1155,975,993,1008,963,876,837,861,874,886
Arbania,336000,387000,397357,432252,301217,332425,323500,278500,328682,363991,334552,320446,328617,309663,361399,337585,406961,454403,449900,457700,453123,317000,411841,424211,496498,590000,600000,522982,526869,491213,524000,479000,484787,491700,517500,536769,564878,594122,589732,580320
Austria,346384,341574,335551,337358,298351,323568,313261,275789,307097,337601,381911,337218,365253,393534,351174,315567,349551,422853,407601,391070,428755,418182,428845,435181,375982,424656,515946,480897,482965,492276,469932,488653,584838,577183,524008,434306,436566,436516,437516,470284
Belarus,,,,,,,,,,,,,,,,,,,,,,,,,,,,,,,,,,,,,,,,
Belgium 룩셈부르크,14400,14500,14500,14900,14600,16500,15400,16500,18700,19800,22000,21100,23400,24300,28300,30800,32600,32500,32000,33700,35900,35300,37600,40000,39600,40800,48651,49775,39600,39000,40800,41200,41460,41820,38070,38556,38880,39017,38544,36709
Belgium,205500,199500,199500,203500,224268,221243,231396,230257,218949,212174,223783,243791,246667,223342,211870,195880,222350,206021,196882,203333,203489,215240,211855,207737,206103,204468,216478,217784,224231,226294,226677,222168,222156,228913,223193,229648,228335,226859,233460,229610
Bosnia and Herzegovina,-,-,-,-,-,-,-,-,-,-,-,-,495100,410700,384000,315600,276600,255800,270700,262100,212500,230900,226500,211400,223800,255800,271800,274400,268900,307900,308100,297800,293000,315700,295500,339000,327200,317300,326000,328100
Bulgaria,310774,317783,282404,290861,319230,326233,326285,326015,316560,305443,322614,381455,359352,373273,355264,356628,361512,339600,303400,281200,-,-,-,-,-,-,-,-,-,-,-,-,-,-,-,-,-,-,-,-
Croatia,-,-,-,-,-,-,-,-,-,-,-,-,-,-,-,-,-,-,-,-,275360,285250,305388,275170,280931,267156,286979,287977,285037,261801,281634,272282,262280,249973,257670,267877,278362,281536,277310,263750
Czech Republic,-,-,-,-,-,-,-,-,-,-,-,-,27000,26000,21000,15900,13000,13343,16200,15000,16300,13700,16000,17700,19313,23583,22378,23809,26335,23363,23390,22424,22900,16415,11429,22849,15958,15530,11543,11933
Denmark,119911,118116,123843,126128,127900,132367,127724,126847,119699,122790,119662,106485,131797,114000,86800,63302,77829,55517,54500,61100,60400,21450,23649,28512,30767,29783,22727,21703,19929,21921,19610,20886,20377,19107,17210,18548,17469,17113,16120,17770
Estonia,-,-,-,-,-,-,-,-,-,-,-,-,36778,33824,28346,25838,21517,26276,25691,27614,27854,25570,26602,28150,31507,32800,36230,33400,35700,36800,37500,36200,47100,47400,44300,42000,44709,42562,43780,45430
Faroe Islands,-,-,-,-,-,-,-,-,-,-,-,-,-,216241,170158,169512,163515,155706,134461,120690,108161,106045,109494,108126,96660,81031,79187,79328,80020,77026,74259,72125,66060,65322,66151,69014,72794,67714,72940,74450
Finland,245299,237000,230300,239400,246708,236473,243151,234603,216730,204517,201699,212536,217000,203100,189300,181700,178000,174800,161800,156588,153900,153400,153500,146500,150000,135921,128650,129986,128800,127900,132500,134200,126700,128000,125759,120491,129340,124148,130200,125600
France,-,-,-,-,-,-,-,-,-,-,-,-,45362,42567,31035,25776,22114,18983,19300,21739,15383,14159,16508,13149,15242,13431,14829,15422,14277,14172,12926,12187,12275,11481,9800,12600,14800,11900,9760,9250
Germany,71,71,71,72,73,73,74,74,75,75,76,76,77,81,89,90,87,89,84,85,89,91,93,93,91,83,81,78,78,78,78,96,96,96,102,94,90,93,93,94
Greece,113700,122000,116700,118440,124180,126070,124930,127050,114790,110430,118160,121670,117280,106350,107620,96170,96550,99610,93760,90480,91430,89770,90730,95820,93290,86710,87150,88570,81900,82050,83040,83500,81180,81190,83069,86490,86720,86080,87060,87760
Hungary,1838000,1836200,1745000,1812000,1991000,1893000,1911000,1963000,1828000,1673000,1911747,2026068,1876800,1703800,1626800,1683300,1737000,1720000,1632000,1609000,1527600,1561442,1646277,1632047,1577971,1546741,1486675,1502561,1502901,1515808,1530258,1566806,1493865,1400331,1410854,1447906,1466099,1432780,1460000,1428460
Iceland,1892590,1922770,1855427,1854174,1982190,1993137,2109861,2098518,1987982,1953392,2111968,2180707,1789700,1570337,1420300,1407800,1481800,1447600,1367000,1374000,1303500,1361500,1316375,1226235,1258000,1166900,1193180,1185724,1199431,1189615,1205002,1170376,1146255,1116507,1142603,1132340,1155483,1137008,1109000,1107000
Ireland,111323,105663,98514,95406,91206,84365,85073,84468,83870,84318,79431,79188,75825,72596,70778,72187,70931,72379,73070,71902,70062,74874,73072,74349,77030,72429,72874,75773,72372,73937,71956,69817,69463,68746,49216,39199,39172,41766,39630,33460
Italy,153100,141000,140600,127400,131800,145500,124200,129300,110100,113900,113800,122800,123200,97100,72100,57500,50200,55270,47020,50970,66940,51600,47620,39173,37513,32241,33303,34258,32121,30149,27598,26432,25394,23457,24080,27315,28939,28162,30180,30820
Latvia,2224,2538,2289,2759,2807,3239,3416,3302,2923,2890,2932,2998,3380,3401,3541,3061,3142,3441,3443,3664,3626,3683,3639,3624,3611,3540,3196,3557,3607,3761,3895,3858,4114,4082,3495,3605,4387,4614,4775,4826
Lithuania,446400,316300,344900,353000,402281,448226,509443,483620,459100,432400,515000,557100,568200,528500,447800,481100,538400,569500,594800,643800,576900,579400,540000,568000,563600,546000,537300,580800,537300,514500,559100,547100,495400,517600,582100,564100,588400,617000,622540,619800
Luxembourg,1146823,1109545,1106395,1187744,1181266,1204074,1179364,1173809,1164410,1145402,1164855,1181141,1217170,1187265,1170832,1180461,1180537,1159360,1111280,1164433,1151935,1133037,1133800,1126869,1145103,1101972,1109214,1118531,1056912,1049261,1068900,1000374,957787,842122,694634,771767,791284,739830,809220,779820
North Macedonia,-,-,-,-,-,-,-,-,-,-,-,-,119600,107000,68100,48000,26500,25504,25837,22520,22342,19044,16043,21193,21587,20444,20684,22755,21445,20452,18414,18015,17312,16688,17659,18769,19468,18450,17480,14780
Malta,-,-,-,-,-,-,-,-,-,-,-,-,226113,161784,116140,86863,83008,89665,81419,77253,75411,47331,44732,43230,47600,52891,47323,55977,47539,45114,43717,41980,40902,37709,40240,45102,43319,41917,41670,42460
Moldova,-,-,-,-,-,-,-,-,-,-,-,-,-,-,-,-,-,-,-,-,8167,11246,10738,10927,10700,9934,9333,9210,9171,9096,9390,9066,8585,8060,8593,9180,9529,9643,9960,10250
Netherlands,-,-,-,-,-,-,-,-,-,-,-,-,7549,8416,7545,6900,6704,7287,5835,6738,6300,6900,6738,8691,8824,7604,7132,7121,7018,7307,7100,5301,4981,5485,5522,4875,3962,4636,4381,4083
Norway,-,2282,1720,1595,1534,1422,1420,1500,1730,1550,1697,1650,1640,1640,1650,1736,1750,1686,1584,1588,1608,1536,1636,1408,1290,1390,1398,1386,1479,1543,1422,1128,1111,1134,1129,1032,1151,1117,1070,1030
Poland,-,-,-,-,-,-,-,-,-,-,-,-,72800,68300,61800,46700,38900,34888,24400,21100,17979,15580,16106,16300,16024,15641,14975,15178,10584,11046,10158,9676,9509,8288,8220,8419,9513,7609,8052,7628
Portugal,-,437364,420200,450268,514817,510854,539425,540000,507000,486000,521000,622802,635000,611000,603000,579972,580100,564700,534700,507600,471000,372000,384000,365000,386000,396008,384000,385571,378383,401752,388610,381559,373531,379100,376180,382520,416060,440639,459210,424300
Romania,-,76448,81325,75810,70600,74100,75400,77566,76565,76332,82802,79155,83496,82832,86730,84108,85122,88130,90890,95344,90568,85806,85637,85314,86572,87393,87643,84678,86447,84787,83508,81638,77982,83696,78732,79672,81676,85196,89396,87008
Russian Federation,-,524300,674000,642000,686500,723500,751900,735100,688900,636700,725400,662500,544100,480400,421300,385700,414900,429100,429900,384600,348500,316300,281300,317400,310500,309500,362900,379500,393400,396900,400900,391200,382900,373900,446300,486700,512000,569200,564790,560500
Slovak Republic,-,120882,126923,109662,99433,99772,105004,104608,114568,131111,116411,132689,127308,120426,95164,105016,100304,109538,96709,98214,100787,96312,106638,105772,119260,119019,106087,91743,108540,102995,93159,96003,92988,84011,79843,88645,90704,91187,93790,92030
Slovenia,-,289000,228500,209000,235000,231500,190500,206300,191000,219500,316500,317000,249500,252000,258000,201781,177415,185104,150245,153000,162000,144558,156106,185400,161618,190196,159313,164642,149660,155199,154464,142306,114464,96179,107581,118851,116177,110991,92760,101760
Spain,-,-,-,-,-,-,-,-,-,-,-,-,3631500,3358800,3240200,2733500,2629825,2394900,2246500,1867600,1897900,1878600,1967400,2002300,1953900,1809200,1721500,1699200,1768716,1740628,1727311,1625469,1641519,1633258,1654135,1649373,1588769,1569267,1608136,1625163
Sweden,-,-,-,-,-,-,-,-,-,-,-,-,-,92810,67064,59336,61109,65572,58813,50164,47950,38175,41640,32885,25580,26385,21413,22989,19862,17672,15611,13177,13177,11721,11597,10711,10261,10534,10670,10710
Switzerland,-,-,-,-,-,-,-,-,-,-,-,-,38166,51527,52200,51200,33641,33781,33721,34482,34572,39159,40472,43136,40079,37382,37908,36203,36943,35260,35772,35571,33089,32104,31566,33583,35656,35795,34870,35740
Ukraine,-,417674,419926,421780,398418,400662,439661,449534,450277,459259,513898,509284,539418,488000,483734,508492,564602,592252,650727,661068,651093,650841,678838,706369,713886,715329,670048,620166,658332,598431,606596,604113,591319,580840,585218,626104,637013,643861,669010,695170
United Kingdom,-,158272,160849,160730,155332,157713,147235,134792,127496,138726,145255,132000,125450,136660,136720,143330,137420,148890,142500,144040,149810,143190,146480,140400,142420,135940,137410,133540,128790,139830,137800,137880,125340,125880,131620,143980,131250,132070,138420,139670
유고슬라비아,-,155752,159932,152165,165139,169829,171160,171868,153912,156566,165242,173742,165400,156042,143281,148138,159164,152355,147768,147302,128394,137831,139895,137203,134378,132763,135336,133453,135960,142182,143475,144490,144922,143600,143854,141909,144456,139744,147971,145671
세르비아 몬테네그로,-,-,-,-,-,-,-,-,-,-,-,-,1655600,1379000,1427000,1185900,1047800,929600,793300,791200,754300,645700,703800,722900,618000,561800,567400,546100,479700,453500,427700,399100,388500,427800,412700,384000,376000,363500,358900,369500
Montenegro,-,1041000,965000,1038000,1152000,1179000,1062037,1118256,946101,977789,1001743,1019566,973000,888000,947000,1002000,710000,688000,699000,679000,705000,645000,694000,699000,719000,762000,847281,882000,862000,833000,908000,936000,885000,847000,877000,885000,915000,905000,922000,914000
Serbia,-,323000,343000,345000,350000,333000,317000,317000,301000,309417,352490,301383,-,-,-,-,-,-,-,-,-,-,-,-,-,-,-,-,-,-,-,-,-,-,-,-,-,-,-,-
Algeria,-,-,-,-,-,-,-,-,-,-,-,-,201250,230852,196504,226600,242200,208600,215500,185200,194200,164800,166000,164000,161000,156000,-,-,-,-,-,-,-,-,-,-,-,-,-,-
Angola,-,-,-,-,-,-,-,-,-,-,-,-,-,-,-,-,-,-,-,-,-,-,-,-,-,-,4456,4991,4612,4576,4727,4688,4391,4191,3834,3211,5416,3875,3720,3755
Benin,-,-,-,-,-,-,-,-,-,-,-,-,-,-,-,-,-,-,-,-,-,-,-,-,-,-,83482,94593,98676,99987,95587,80645,78508,68467,73492,66032,71014,62033,71158,65008
Botswana,,,,,,,,,,,,,,,,,,,,,,,,,,,,,,,,,,,,,,,,
Burkina Faso,44800,43700,48000,65600,47500,66800,66360,73552,81000,85000,89500,94270,96500,98200,100600,100600,99000,102000,103000,116980,132600,105000,116000,121000,125000,120000,122000,123000,125000,130500,126126,125386,135674,139948,145724,155037,164268,166291,153192,146902
Burundi,48000,50000,51000,52000,53000,54000,57000,57000,57000,58000,59000,60000,66000,68061,65000,55401,71000,77000,85000,84404,93806,94464,96202,96017,72250,84660,84863,91800,96900,97750,98600,100300,102000,105400,103854,102043,98693,98431,98566,98690
Cameroon,11854,12092,12650,13090,13420,13750,13090,13200,13310,13640,15400,15620,16390,16280,17490,15400,15510,16115,19800,18920,25653,27183,27880,28560,29274,29971,30770,31569,32453,33218,34085,34986,35887,36822,37744,38760,39763,40800,41854,42811
Cabo Verde,28593,42696,47000,42156,51093,46403,43956,35597,34449,36567,41934,44227,47379,48667,38239,45929,44125,38209,37286,26617,28980,33750,29000,26856,35000,35000,35000,35000,36000,40000,46000,47000,47000,36289,31000,35000,30000,34000,34000,34000
Central African Republic,21973,20944,24645,28340,27030,32648,34450,35934,36570,36850,56754,59033,58571,59738,60931,62146,63390,64657,65950,67269,68615,69987,71387,104555,106646,111745,113980,116259,118584,120955,123374,125841,128357,130700,115436,94973,110000,105000,108435,109228
Chad,11700,9321,9516,9568,9711,9334,11219,11570,11700,12090,10200,10540,8670,8840,7480,5440,5100,4930,5440,9150,8600,8613,7775,8739,7368,8888,12001,10732,9738,7974,7800,9938,12068,7413,10218,11795,10738,14810,13692,14935
Comoros,47460,41890,46460,48770,59710,55740,53240,61690,68480,70560,72380,74300,75000,77342,70702,73000,87510,76000,77000,91200,93000,94800,90000,89827,93000,94000,94500,95000,109600,109600,81910,85998,87495,92163,92297,91874,84856,83317,81918,80487
"Congo, Rep.",180,240,242,180,122,195,224,254,350,365,370,310,341,355,365,320,694,530,600,442,480,500,450,450,455,565,670,770,890,905,964,544,545,546,551,548,534,695,698,703
"Congo, Dem. Rep",20966,23400,26000,30560,29133,29637,30524,34710,37310,39130,40560,42000,44000,45000,45000,48000,61425,50000,51000,51000,67100,67000,69000,65500,74000,76000,78000,84000,81000,82500,85000,88000,90000,91929,92239,93232,92565,93901,95591,97279
Cote d'Ivoire,33125,37500,38125,36600,31050,32200,62160,61910,67408,68397,73245,111000,116880,123120,129600,136560,143760,151440,159480,167880,176760,186120,196080,206520,217440,228960,241080,253920,267360,281640,296520,312240,328800,346320,364680,384022,397527,420468,438483,456896
Djibouti,1320,1276,1232,1188,1144,1100,1056,1018,1034,1045,945,970,990,1012,1020,1005,1012,902,952,968,1012,1100,1265,1100,1243,1100,1265,1232,1232,1243,1243,1243,1265,1265,1233,1225,1218,1214,1216,1217
"Egypt, Arab Rep.",2106,2184,2340,2449,2324,2028,1778,1607,1521,1373,1716,1373,1217,1264,1295,1310,1342,1404,1342,1560,1622,1685,1716,1872,2808,3744,4680,5538,6080,5638,6150,6396,6552,6154,5892,5800,6166,6097,6140,6179
Equatorial Guinea,20300,20780,21240,21590,22030,22920,23800,24680,25560,26440,21770,19315,19631,20244,18506,15773,15024,15619,14459,14000,13500,13018,12490,12466,12423,12400,12380,12360,12340,12320,12200,12260,14188,15064,15079,16516,17368,18041,19312,20663
Eritrea,42470,42744,34935,42196,43155,42470,30140,28085,29455,30825,31043,32698,34177,34226,34435,36990,34770,35000,33326,32268,33232,32243,27713,26279,28445,29612,31145,28928,30678,33558,34264,31315,31080,31835,30577,30455,31419,31253,31239,31220
Ethiopia,1276,1685,1560,1240,1209,1447,1864,1864,1754,1811,2243,2952,2970,3190,3487,3278,3477,3520,3740,4180,6050,6050,6050,6050,3630,5170,2200,6000,6050,6050,6050,6050,5914,5918,5777,5974,6140,6242,6355,6469
Gabon,120000,115000,112000,112000,105000,102000,115000,135000,156685,155000,143000,270000,276000,290000,287000,285000,245342,248000,258000,273000,282000,273000,336400,329000,340000,353000,367000,393200,429902,446667,457300,454484,464579,434763,421000,430265,451285,388859,408693,381246
"Gambia, The",36,36,37,37,39,39,40,40,41,41,42,42,43,43,43,44,44,45,45,45,45,46,46,46,46,46,47,47,47,47,49,49,48,50,48,47,46,47,47,47
Ghana,-,-,-,-,-,-,-,-,-,-,-,-,-,9200,9800,10000,12200,14300,15800,16000,16350,14715,14170,16677,16650,16677,19444,22800,17180,23021,23300,23800,24000,22585,21788,21811,22177,22201,22380,22556
Guinea,-,-,-,-,-,-,-,-,-,-,-,-,-,238448,237802,235000,267000,270000,274000,290000,294000,303500,352500,338250,336000,350260,374000,363000,380000,355000,420000,410000,338150,340750,378944,387805,384931,389236,393994,391684
Guinea-Bissau,343,350,389,356,389,482,634,680,726,792,924,950,1003,1016,1030,1016,990,937,950,990,1115,1208,997,1274,1439,1571,1109,1030,1122,1122,1135,1148,1155,1162,1183,1162,1069,1063,1057,1052
Kenya,3300,3180,3120,3060,2940,2940,2880,2940,3060,3120,3120,3132,3268,3293,3317,3342,3367,3393,3418,3444,3469,3102,3144,3804,3918,3936,3965,3984,4032,4146,4080,3840,3840,3720,4052,4391,3890,3960,3931,3970
Lesotho,14375,14375,16100,17250,18630,19550,19550,20179,19751,19602,19748,20607,19999,20125,20470,20700,20930,20815,20758,21275,23750,24000,24125,24375,23070,25393,23865,23419,25350,19773,19993,20592,21221,21863,22781,23841,23841,32572,28613,28949
Liberia,12535,12317,12535,13080,13625,11990,7924,9973,13200,13472,15478,16950,18552,20296,22182,28590,29918,31290,32736,34227,34395,34364,34695,37166,39037,41022,44434,46871,49442,52110,61600,64979,68543,72302,76268,80451,84864,89518,94428,99607
Libya,2200,2310,2420,2420,2530,2530,2618,2750,2970,3080,3300,3608,3696,3790,3883,3982,4081,4180,4290,4395,4510,4532,4532,5148,5148,5247,5346,5445,6652,6149,6353,6490,6710,6715,6584,6587,6828,6972,7111,7250
Madagascar,192500,165620,185900,196800,198000,192000,199230,219497,238351,227711,215000,247000,250000,242500,241900,239000,252000,260800,270000,279000,256619,282096,318650,342700,350200,396200,430000,445000,458000,483000,462000,458000,410600,425000,442571,487176,528990,588963,417261,462125
Malawi,10800,10800,11700,12000,12000,12300,12450,12450,12600,11385,9450,10500,12600,13350,11250,11250,9750,9750,9750,11765,10140,10140,10075,10010,10140,11310,10140,10400,10400,10400,10660,12450,12600,13500,11558,9230,8790,8213,8587,9249
Mali,1663,1838,2250,2725,2188,1563,1438,1438,1138,975,1000,1000,1000,1000,1000,1000,1000,1000,1000,1000,1000,1000,1000,1000,1000,1000,1019,1045,1056,1075,1100,1125,1138,1160,1162,1179,1157,1174,1189,1204
Mauritania,50000,51000,33400,37000,34000,21200,25400,29400,33000,27200,24000,30600,26600,25600,22100,21600,14500,40000,44000,16000,8200,6300,7400,8800,8000,7600,9600,9800,16000,9800,13400,9000,8900,8900,7791,7172,7441,7089,6651,6334
Mauritius,133875,134385,134895,135533,136094,133875,134003,137700,140505,141653,142800,143438,144075,144713,145350,145988,146625,147263,147900,147900,147900,118575,111563,114750,114750,133875,134258,134640,150450,153000,159375,165750,172125,172125,172253,165520,164940,165358,166373,161902
Morocco,11850,16626,18000,15210,15257,10282,16181,15551,16160,15554,16857,17124,16791,17600,15000,15000,22550,12120,14342,14555,17425,19475,21876,22588,22089,21344,24104,26583,28815,30046,32225,34055,35683,38382,39514,42362,41615,45736,50018,52045
Mozambique,36720,44133,45743,44556,57152,54109,62104,61053,65000,68900,71500,74100,53508,52215,59735,54080,54496,70538,73827,73307,56312,66902,85661,94023,77269,107679,105885,112320,129142,136305,143676,149500,169000,159751,160441,160000,175500,182000,183479,187914
Namibia,17160,20020,18590,17160,15730,17160,15120,15372,15876,16380,17010,19700,18200,9240,9360,9600,10200,12500,13500,14000,21000,22000,22000,23000,24000,25200,25800,25800,25800,25800,25787,27000,28200,29400,29000,29707,30082,28212,27461,27438
Niger,2049,1217,1365,1174,1018,995,1340,1467,1635,1700,2125,2250,2484,2613,3068,2676,2149,2520,3164,3199,3250,2266,2792,2872,3284,3340,3071,1995,2050,2300,2420,2883,2414,2112,2111,2213,1883,1740,1807,1781
Nigeria,107000,131000,150000,124000,114900,85000,103000,118000,122100,150045,144890,149000,145000,150000,125000,122100,103000,125000,120000,135000,140000,145000,170000,150000,140000,157000,160000,160000,180000,190000,192000,198657,204422,254000,259078,245514,257799,276548,281600,283002
레위니옹,36000,36750,36000,35250,36000,36750,31500,28500,28500,27150,14250,14250,14250,15000,14250,13500,14250,13500,13500,12750,12000,11250,3531,4941,5377,6148,6205,6691,7673,9356,8103,9926,11852,10772,11920,12303,15476,15444,13884,14481
Rwanda,48068,30402,29471,33070,34124,34827,35117,36304,37558,41245,38906,45670,48825,48985,49474,47673,45780,29827,38310,44640,63818,58035,49350,51600,43992,40191,36179,36164,36215,35993,35000,34300,35800,35500,37771,34486,34536,36423,31768,31055
Sao Tome and Principe,53000,57000,56000,55000,56000,51000,42000,48000,50000,53000,55000,53000,64000,70000,74000,62000,95000,96000,102000,110000,47549,43931,46277,45050,51440,58522,62825,53391,52622,54004,60357,54829,59105,41905,54439,58942,58909,59798,61046,57460
Senegal,370216,329125,364231,411797,425918,437724,283478,266734,236049,217530,204273,205000,210000,244378,264319,266861,280000,294000,297000,298000,279000,316031,357425,307827,323410,305610,259457,327984,328250,330250,306960,350009,288281,377794,381080,384396,298262,300856,317406,329616
Seychelles,977,890,935,1011,1131,1200,1157,1238,1159,1246,1261,1050,1060,1206,1146,1182,1127,1500,1517,1737,1615,1750,1782,1670,1733,1798,1859,-,-,-,-,-,-,-,-,-,-,-,-,-
Sierra Leone,12272,13416,13156,13312,13520,14560,13520,12480,13520,13936,14144,14352,13104,11960,10400,10400,11440,13520,15600,17680,17160,19448,19760,23638,22965,23920,28600,31200,36920,35360,27538,28311,29021,29807,32209,36582,31231,29857,33063,33924
Somalia,65,70,70,72,80,85,85,90,90,95,90,80,98,100,91,78,102,103,104,105,108,109,114,119,122,125,120,128,128,132,134,137,140,144,167,167,221,236,260,283
남아프리카공화국,30750,36750,37500,38750,37500,37500,40000,39375,39663,41275,42600,43663,42500,43750,43750,43750,43750,42500,41875,44714,46157,48407,45055,43305,43130,47196,50004,39472,52366,59464,61079,65052,76927,79533,74516,70165,70741,75263,77930,75686
South Sudan,119,90,73,47,44,66,72,75,90,86,70,83,72,65,72,65,75,52,47,42,35,30,30,30,25,20,13,17,12,8,7,3,5,10,14,10,7,8,7,6
Eswatini,5400,5490,5625,5715,5220,5220,4770,4770,4770,5220,5220,5200,5801,5868,5992,5767,4680,4270,4283,3150,3475,2590,2568,2881,3150,4138,5490,5363,6497,8500,8805,9435,10042,10951,11524,10257,9064,9246,9635,10036
Tanzania,37950,42020,40700,41800,39820,41800,35420,43505,50160,50600,46200,40700,36300,41800,44000,49500,53900,60500,61600,58300,61600,62700,61600,63800,64900,67650,66000,59400,58850,58300,59180,59620,59840,60500,59335,58498,57098,56538,55939,49902
Togo,584678,542000,582000,588000,620000,650000,604000,596000,545000,542000,609000,681000,720500,658000,557000,523000,480000,789000,522000,558000,582000,572000,579000,635000,683000,746000,832000,829000,798000,803000,897000,878000,875000,953107,1000659,1072800,1089686,1014071,1003214,1033310
Tunisia,-,-,-,-,-,-,-,-,-,-,-,-,-,-,-,-,-,-,-,-,-,-,-,-,-,-,-,-,-,-,-,-,358000,358000,365000,366230,370831,378343,387300,388300
Uganda,16500,14300,15000,16000,12500,14300,15000,15900,11500,12000,10786,12863,13777,15289,13500,14040,13250,13600,14400,13800,17600,8018,12500,12900,15000,14300,15000,15000,15200,15400,15850,16450,17000,17100,16525,16155,15991,16279,16430,16580
Zambia,123715,130606,139960,145561,154400,162500,170200,171400,185900,193600,195200,200000,205000,210000,213000,246000,194000,193000,198000,260000,230000,181000,182000,182500,184000,204520,208046,180629,218976,225178,243943,262606,289835,299581,309353,319112,323775,394604,471692,479071
Zimbabwe,3813,4500,5000,4000,4688,4875,4625,5000,4688,5313,5200,4563,4375,4561,5675,5578,6613,6513,6146,6718,6620,8153,8063,7475,7863,8200,8325,8531,8800,9085,9250,9375,9625,9813,9170,8162,7048,5633,5664,5746
Austrailia,26200,35170,28080,31400,33700,36000,38900,38400,39000,39000,39000,35900,37700,41500,42600,43700,45200,45000,46000,50000,52000,52400,56000,50200,46700,45800,48800,52400,54000,51600,55800,54300,54600,56000,58000,59300,59300,57200,54600,55600
쿡아일랜드,85880,85350,86120,86400,88200,90000,60000,58650,64130,73050,81150,84000,86000,91500,84300,86400,87500,88500,93000,96000,96750,101400,115000,125000,135000,147000,160000,174150,169950,175049,180300,185709,191280,199008,205124,190785,175435,172510,169290,166670
Fiji,28055,30784,32608,29920,28357,31616,32256,33296,33760,34240,55200,57600,54000,51925,50400,43500,41870,50375,52500,57350,52800,54400,59200,59200,56000,59200,57600,58400,78400,121600,153600,153970,160899,197827,208000,161000,159400,209300,219757,191349
French Polynesia,76410,65968,76590,77040,87703,84401,73382,84933,80243,73398,81740,83840,94086,75443,67412,73169,67440,73605,73720,95380,101250,108000,96750,99450,102375,101700,102375,103500,103950,109000,115634,121300,122000,123000,95685,107418,106834,103501,105329,108081
"Micronesia, Fed. Sts.",,,,,,,,,,,,,,,,,,,,,,,,,,,,,,,,,,,,,,,,
New Caledonia,1564400,1467200,1576195,1542890,1345276,1310020,1384923,1520723,1587724,1491478,1676726,1759569,1790870,1825813,1824805,1803417,1744696,1810300,1955253,2010530,1987902,2078900,2089742,1997563,2112892,2090272,2188318,2168946,2138328,2106385,2128598,2129021,2152031,2359064,2595149,2661640,2315994,2068616,2237675,2351793
New Zealand,7,7,7,7,7,7,7,7,7,6,5,5,2,4,4,3,2,2,10,6,6,5,3,3,2,2,2,3,3,3,4,4,4,4,4,3,3,3,3,3
니우에,7600,8360,8550,8740,8930,9120,9500,9690,9880,10070,10640,2847,2624,2430,2306,2217,2401,3279,3177,2984,2688,2874,2452,2456,2233,2252,2255,1958,1866,1719,2023,2197,1613,2272,2800,3591,2032,4207,3587,2794
Papua New Guinea,266,254,229,212,258,150,205,221,255,302,264,206,126,108,114,153,108,145,175,168,207,157,117,156,174,129,130,149,118,162,116,132,164,144,147,145,149,156,148,139
Samoa,-,-,-,-,-,-,-,-,-,-,-,246,246,246,246,245,245,245,245,245,245,245,245,245,245,245,245,258,243,242,229,240,237,240,236,237,240,241,241,241
Solomon Islands,2570,2491,2536,2410,2598,3233,3148,2379,2374,2189,2677,3033,3331,3815,4163,3696,4327,4064,4112,4260,4038,4073,4005,3998,4034,3520,2992,3131,3147,3192,3426,3414,3416,3297,3484,3612,3036,2955,2887,3214
Tonga,496000,498100,516000,512100,433400,486700,467600,554504,571626,556000,478643,525197,549647,544323,565715,597603,649271,632594,651217,554201,587457,590911,574304,632120,710348,663435,639975,631690,631020,637664,638013,618211,607044,627174,625675,675844,673070,641745,676530,683923
Vanuatu,32,39,20,33,14,11,10,9,7,5,2,2,2,2,2,2,2,2,2,2,2,2,2,2,2,2,3,3,3,3,3,3,3,2,2,2,2,2,2,2
,2190,2130,2085,2085,2085,2400,2100,2100,2100,2100,2100,2205,2160,2250,2370,2430,2505,2475,2550,2550,2700,3000,3000,3075,3105,3135,3165,3210,3210,3210,3225,3240,3300,3265,3274,3180,3216,3237,3258,3279
,691,635,661,626,640,640,560,710,675,894,915,930,900,910,945,971,952,983,975,1000,995,1053,1300,1100,1100,1100,1100,1100,1100,1411,1435,1512,1530,1593,1734,1947,2037,1891,1994,2063
,944,740,1360,759,777,796,870,648,611,611,611,611,611,611,611,611,611,611,611,611,611,592,648,648,694,694,722,740,740,740,740,740,749,758,752,755,769,776,782,789
,193,214,229,234,238,234,259,278,296,342,304,285,285,266,266,266,646,266,266,304,350,342,342,342,342,342,352,361,361,361,349,348,370,358,351,345,345,343,342,341
,2100,2051,1940,2208,2246,2259,2008,2722,2647,2607,3026,3387,3329,3699,4069,3894,3698,3826,3565,3875,3754,3028,2531,3127,2983,3195,3083,3147,3297,2560,3537,3214,3390,3289,2987,2906,2913,2883,2844,2805
